id,sinif
12766,Pozitif
6109,Negatif
6599,Nötr
14390,Nötr
7619,Nötr
1728,Nötr
3941,Pozitif
10270,Pozitif
3707,Pozitif
6059,Pozitif
1863,Pozitif
4081,Negatif
735,Pozitif
13841,Nötr
9988,Negatif
15470,Pozitif
2983,Negatif
16597,Pozitif
433,Pozitif
14822,Negatif
14490,Negatif
14300,Pozitif
4243,Negatif
1993,Pozitif
8136,Pozitif
13519,Pozitif
13667,Negatif
6330,Nötr
1532,Nötr
15567,Nötr
13673,Pozitif
8491,Pozitif
14305,Pozitif
14204,Pozitif
12943,Nötr
15640,Pozitif
10048,Negatif
5405,Negatif
7233,Negatif
13309,Pozitif
12997,Pozitif
4119,Nötr
13950,Nötr
9944,Pozitif
15085,Negatif
9112,Pozitif
8533,Pozitif
4625,Pozitif
202,Pozitif
411,Negatif
4784,Negatif
2945,Pozitif
7720,Negatif
15275,Pozitif
1810,Negatif
3580,Nötr
13357,Pozitif
4723,Negatif
551,Pozitif
8560,Pozitif
11148,Pozitif
117,Nötr
10568,Negatif
10076,Pozitif
6226,Pozitif
9202,Negatif
1609,Pozitif
677,Negatif
5966,Negatif
5778,Negatif
15223,Nötr
11487,Pozitif
16466,Nötr
3689,Nötr
609,Nötr
6174,Nötr
10826,Negatif
591,Pozitif
6034,Negatif
13067,Pozitif
3857,Nötr
15152,Negatif
11272,Negatif
6146,Nötr
7822,Pozitif
1435,Pozitif
1191,Negatif
13638,Pozitif
15065,Nötr
774,Nötr
2756,Nötr
9868,Nötr
562,Pozitif
9772,Pozitif
3475,Pozitif
4340,Nötr
10944,Negatif
8904,Negatif
16008,Pozitif
15168,Nötr
14473,Pozitif
14780,Pozitif
13805,Negatif
12837,Pozitif
8989,Negatif
13960,Nötr
1546,Pozitif
11914,Pozitif
16510,Negatif
16628,Nötr
7568,Pozitif
6293,Pozitif
3345,Nötr
2669,Nötr
14971,Pozitif
7777,Nötr
16652,Negatif
9841,Negatif
15770,Pozitif
10194,Negatif
144,Negatif
1645,Negatif
11810,Nötr
14663,Nötr
14745,Nötr
12986,Negatif
6387,Negatif
5002,Negatif
3638,Pozitif
9277,Nötr
7033,Negatif
1512,Pozitif
13231,Negatif
4903,Negatif
3182,Nötr
10293,Pozitif
1914,Negatif
4220,Nötr
6233,Pozitif
15628,Nötr
9956,Negatif
13877,Negatif
5105,Negatif
9855,Negatif
13159,Negatif
14616,Negatif
7070,Nötr
5568,Nötr
12166,Nötr
14838,Negatif
14591,Nötr
4765,Negatif
7833,Nötr
1867,Negatif
15151,Pozitif
9881,Pozitif
13204,Pozitif
15037,Nötr
15845,Pozitif
6829,Negatif
8155,Pozitif
10870,Pozitif
631,Pozitif
15982,Nötr
15814,Pozitif
1372,Nötr
3630,Negatif
1457,Negatif
4329,Negatif
13552,Nötr
5563,Negatif
16142,Negatif
2418,Nötr
14517,Pozitif
370,Pozitif
13767,Pozitif
10844,Pozitif
9313,Pozitif
16109,Negatif
3444,Negatif
7900,Nötr
4039,Nötr
15997,Pozitif
5630,Nötr
2463,Negatif
16337,Nötr
9447,Pozitif
7303,Pozitif
6276,Pozitif
14366,Pozitif
9595,Negatif
12985,Pozitif
2754,Negatif
1473,Pozitif
11128,Negatif
11703,Negatif
15439,Pozitif
12517,Nötr
1672,Pozitif
13221,Negatif
15312,Pozitif
8199,Nötr
10839,Nötr
4563,Nötr
3593,Negatif
13604,Negatif
1020,Nötr
3040,Negatif
16853,Negatif
9670,Nötr
1199,Nötr
12646,Negatif
12598,Negatif
12020,Pozitif
15109,Negatif
10790,Pozitif
12936,Nötr
14708,Pozitif
6156,Negatif
6411,Negatif
4835,Pozitif
4816,Negatif
11225,Nötr
2716,Pozitif
10552,Nötr
4600,Nötr
9208,Negatif
2740,Pozitif
9732,Nötr
14590,Negatif
12215,Pozitif
1610,Pozitif
12507,Pozitif
4344,Pozitif
2078,Negatif
13426,Negatif
9991,Pozitif
12664,Negatif
2077,Nötr
15247,Negatif
2092,Negatif
758,Negatif
10933,Pozitif
13812,Nötr
6615,Nötr
3465,Pozitif
6747,Negatif
15047,Pozitif
14422,Pozitif
2274,Nötr
10941,Pozitif
9079,Nötr
12449,Nötr
6257,Pozitif
1032,Pozitif
8668,Nötr
11998,Pozitif
2315,Nötr
15895,Nötr
11155,Pozitif
3082,Pozitif
4675,Nötr
3564,Pozitif
10487,Negatif
5559,Nötr
5737,Negatif
12017,Pozitif
15890,Negatif
15179,Nötr
7106,Negatif
7027,Negatif
8384,Negatif
57,Negatif
1342,Negatif
6078,Pozitif
8985,Pozitif
7677,Negatif
16633,Nötr
8436,Nötr
14396,Pozitif
10049,Negatif
8609,Negatif
2221,Negatif
12665,Pozitif
7419,Negatif
2580,Nötr
9221,Pozitif
14544,Nötr
1616,Negatif
4731,Nötr
71,Nötr
4178,Pozitif
5233,Negatif
16368,Pozitif
2215,Negatif
9867,Nötr
13454,Pozitif
6335,Negatif
16324,Pozitif
5834,Nötr
15754,Nötr
3973,Nötr
16788,Pozitif
12773,Nötr
15194,Pozitif
14818,Pozitif
15611,Nötr
7784,Pozitif
9462,Nötr
9935,Negatif
4853,Negatif
2096,Pozitif
8049,Negatif
6307,Pozitif
15954,Nötr
16127,Negatif
2509,Pozitif
3944,Pozitif
8131,Pozitif
5032,Negatif
8309,Pozitif
10735,Negatif
5739,Negatif
1240,Nötr
13652,Negatif
7466,Nötr
7428,Pozitif
1235,Pozitif
16519,Nötr
14104,Nötr
235,Pozitif
12961,Nötr
13984,Negatif
11196,Nötr
14036,Pozitif
12993,Pozitif
8815,Nötr
4408,Nötr
1142,Nötr
9598,Negatif
5919,Nötr
7210,Nötr
14270,Pozitif
16499,Pozitif
6009,Negatif
13131,Pozitif
310,Pozitif
16716,Pozitif
6112,Pozitif
14634,Negatif
14585,Nötr
11676,Negatif
4906,Pozitif
5936,Negatif
12634,Negatif
14154,Negatif
6482,Negatif
1668,Negatif
15493,Nötr
4811,Negatif
11040,Nötr
16350,Negatif
954,Pozitif
3667,Nötr
1395,Nötr
15676,Negatif
10451,Nötr
1313,Pozitif
4469,Pozitif
8106,Pozitif
11338,Negatif
13409,Negatif
8221,Nötr
3584,Nötr
16569,Negatif
6223,Pozitif
5845,Pozitif
10768,Pozitif
5316,Pozitif
8175,Negatif
13471,Pozitif
3840,Nötr
7598,Nötr
6979,Pozitif
1865,Negatif
7577,Pozitif
7461,Negatif
11068,Nötr
6415,Pozitif
3216,Nötr
13880,Pozitif
5235,Pozitif
9551,Pozitif
13120,Negatif
1901,Negatif
12018,Negatif
8550,Nötr
9760,Negatif
466,Pozitif
2935,Nötr
16301,Negatif
485,Pozitif
16878,Nötr
10738,Nötr
11693,Negatif
1007,Negatif
6050,Pozitif
2636,Pozitif
11940,Negatif
9435,Pozitif
6994,Negatif
14567,Nötr
16086,Pozitif
1617,Negatif
3691,Negatif
13440,Negatif
15192,Pozitif
684,Pozitif
2527,Negatif
13476,Negatif
13224,Pozitif
1664,Pozitif
10975,Pozitif
6596,Pozitif
13110,Negatif
1411,Nötr
10505,Nötr
16772,Negatif
6295,Nötr
8027,Negatif
12399,Negatif
13014,Negatif
4200,Negatif
11596,Pozitif
5864,Negatif
5550,Nötr
106,Negatif
3446,Negatif
14458,Nötr
13343,Pozitif
11938,Pozitif
12888,Nötr
1545,Negatif
6978,Pozitif
11090,Pozitif
11351,Nötr
12307,Negatif
12618,Nötr
3380,Nötr
1174,Pozitif
11695,Negatif
11464,Negatif
13463,Nötr
12541,Nötr
6334,Nötr
4549,Negatif
3729,Nötr
5674,Pozitif
3602,Pozitif
16502,Nötr
2837,Pozitif
11870,Negatif
4977,Pozitif
9342,Pozitif
1921,Nötr
9726,Nötr
15316,Pozitif
10174,Pozitif
4813,Negatif
8046,Pozitif
4440,Nötr
2666,Pozitif
6037,Negatif
1553,Nötr
13310,Nötr
3094,Nötr
10391,Pozitif
7583,Pozitif
16695,Negatif
12756,Negatif
2357,Negatif
10671,Pozitif
2732,Nötr
10828,Nötr
6261,Nötr
7705,Nötr
16430,Pozitif
15477,Nötr
14128,Nötr
7692,Nötr
3841,Negatif
1724,Negatif
11108,Negatif
14725,Pozitif
727,Pozitif
14659,Nötr
4252,Negatif
15048,Pozitif
4913,Nötr
1935,Negatif
13543,Pozitif
8403,Negatif
10355,Pozitif
715,Nötr
5977,Pozitif
12413,Pozitif
7830,Pozitif
16407,Nötr
14303,Pozitif
16524,Pozitif
5020,Pozitif
2452,Negatif
16387,Nötr
7216,Pozitif
2191,Nötr
2662,Nötr
3795,Nötr
14781,Pozitif
216,Negatif
15535,Pozitif
625,Pozitif
9521,Negatif
6418,Negatif
11303,Negatif
16737,Nötr
4785,Negatif
11299,Nötr
9511,Negatif
9148,Nötr
6697,Pozitif
8940,Pozitif
12847,Nötr
15761,Nötr
2476,Nötr
14500,Negatif
15961,Negatif
4518,Negatif
7167,Negatif
12102,Pozitif
15045,Negatif
1299,Negatif
392,Negatif
16299,Pozitif
16694,Pozitif
1407,Nötr
15744,Pozitif
10191,Pozitif
5196,Pozitif
9528,Nötr
1547,Negatif
7965,Pozitif
3276,Nötr
1961,Pozitif
14852,Negatif
12861,Negatif
4957,Pozitif
16116,Nötr
10668,Negatif
14808,Pozitif
164,Pozitif
4444,Pozitif
682,Nötr
8410,Nötr
15550,Negatif
16717,Pozitif
2784,Nötr
16307,Pozitif
15842,Pozitif
301,Nötr
15952,Negatif
261,Pozitif
15334,Nötr
15472,Nötr
4791,Negatif
610,Pozitif
16699,Negatif
9310,Nötr
14674,Negatif
847,Pozitif
11193,Pozitif
11811,Pozitif
12252,Negatif
1752,Negatif
14465,Nötr
13968,Pozitif
3799,Nötr
13447,Pozitif
1524,Pozitif
10516,Negatif
3615,Nötr
11312,Negatif
10529,Pozitif
13050,Negatif
10648,Nötr
6561,Nötr
1117,Pozitif
10621,Pozitif
11134,Nötr
11358,Pozitif
4135,Pozitif
13385,Pozitif
14680,Pozitif
4933,Nötr
14090,Negatif
16444,Pozitif
10590,Pozitif
8504,Nötr
12657,Negatif
5485,Pozitif
8386,Negatif
16173,Pozitif
4376,Nötr
10485,Pozitif
14451,Negatif
2758,Nötr
11277,Negatif
5421,Negatif
266,Negatif
14073,Pozitif
7859,Nötr
15795,Negatif
12925,Nötr
13064,Pozitif
3991,Negatif
7717,Pozitif
9823,Nötr
6590,Pozitif
16482,Nötr
15373,Nötr
9578,Negatif
6809,Pozitif
9911,Negatif
7772,Pozitif
16141,Pozitif
5709,Pozitif
15778,Pozitif
12296,Pozitif
6670,Pozitif
11501,Pozitif
11979,Pozitif
5779,Nötr
8121,Negatif
12739,Pozitif
6178,Nötr
8653,Nötr
13167,Negatif
5467,Negatif
14425,Pozitif
7297,Pozitif
15211,Pozitif
4631,Negatif
16632,Pozitif
1923,Negatif
3258,Negatif
4987,Pozitif
13160,Pozitif
15639,Nötr
7744,Negatif
7063,Negatif
16422,Pozitif
15551,Negatif
7075,Pozitif
4320,Pozitif
8877,Nötr
10767,Pozitif
13281,Pozitif
2536,Pozitif
15041,Nötr
1580,Pozitif
2234,Nötr
4863,Pozitif
927,Pozitif
15299,Negatif
2208,Pozitif
4653,Pozitif
9453,Negatif
16813,Pozitif
8633,Negatif
13860,Pozitif
284,Negatif
3085,Negatif
6028,Negatif
3697,Nötr
439,Pozitif
5464,Pozitif
12628,Negatif
15645,Pozitif
13924,Nötr
2565,Negatif
6853,Nötr
12134,Pozitif
1496,Negatif
11170,Pozitif
15352,Negatif
4016,Negatif
2398,Negatif
8860,Nötr
11576,Nötr
8911,Negatif
11419,Nötr
14989,Negatif
6097,Pozitif
5446,Negatif
16007,Pozitif
7840,Negatif
12820,Negatif
11620,Nötr
8584,Pozitif
12432,Nötr
3349,Pozitif
6134,Nötr
6058,Pozitif
4580,Nötr
11218,Nötr
7760,Negatif
13528,Pozitif
510,Pozitif
10290,Negatif
7311,Pozitif
12278,Negatif
11201,Pozitif
2333,Pozitif
14478,Nötr
3790,Negatif
12317,Pozitif
8394,Negatif
15033,Negatif
5231,Negatif
5329,Pozitif
1540,Nötr
15978,Nötr
10645,Pozitif
11558,Negatif
9529,Negatif
12260,Pozitif
12894,Pozitif
673,Pozitif
7940,Nötr
13145,Nötr
16290,Nötr
12177,Negatif
1493,Negatif
12942,Pozitif
15780,Negatif
1080,Nötr
1337,Nötr
7925,Pozitif
5693,Nötr
13836,Negatif
2856,Negatif
3109,Negatif
14067,Negatif
14395,Negatif
3578,Pozitif
9399,Negatif
1727,Nötr
9325,Nötr
10876,Nötr
8210,Pozitif
12381,Nötr
16693,Pozitif
4594,Negatif
1516,Nötr
12057,Pozitif
6761,Pozitif
4885,Negatif
6003,Nötr
7912,Nötr
913,Pozitif
5268,Pozitif
12131,Negatif
6945,Pozitif
5128,Pozitif
3354,Pozitif
7933,Pozitif
12510,Negatif
141,Pozitif
15498,Negatif
8635,Pozitif
8514,Pozitif
37,Nötr
10473,Negatif
11605,Nötr
13555,Negatif
8918,Negatif
10054,Nötr
3597,Negatif
10193,Negatif
6704,Nötr
9029,Negatif
3150,Negatif
5828,Pozitif
7960,Negatif
9776,Pozitif
11826,Negatif
11886,Negatif
8660,Nötr
7850,Nötr
3024,Nötr
12720,Pozitif
4367,Nötr
3133,Negatif
15681,Pozitif
16789,Pozitif
13754,Pozitif
2114,Pozitif
8511,Nötr
5211,Nötr
6954,Pozitif
16712,Negatif
574,Negatif
48,Negatif
1850,Nötr
12490,Negatif
5935,Negatif
16566,Nötr
6193,Pozitif
7178,Negatif
1075,Negatif
11788,Nötr
16675,Nötr
7339,Nötr
15820,Pozitif
1136,Pozitif
7294,Pozitif
15888,Nötr
12651,Pozitif
5035,Pozitif
5968,Negatif
2001,Nötr
3392,Nötr
2802,Negatif
5755,Pozitif
8994,Pozitif
6006,Pozitif
11119,Negatif
1618,Pozitif
5648,Pozitif
9861,Pozitif
4161,Pozitif
13481,Nötr
15024,Nötr
13716,Pozitif
12508,Pozitif
14438,Pozitif
5017,Negatif
6214,Negatif
10353,Nötr
13305,Negatif
345,Negatif
23,Pozitif
2494,Negatif
10562,Nötr
3604,Pozitif
10228,Pozitif
6076,Nötr
4342,Pozitif
15856,Negatif
2099,Pozitif
4892,Negatif
5423,Nötr
1538,Negatif
11981,Nötr
4684,Pozitif
5369,Negatif
7682,Pozitif
7706,Pozitif
16871,Nötr
15800,Nötr
5267,Negatif
7634,Negatif
15383,Nötr
4699,Pozitif
5321,Pozitif
2511,Negatif
5655,Pozitif
10317,Negatif
4630,Pozitif
8097,Negatif
2674,Negatif
8393,Nötr
9641,Nötr
12062,Negatif
7255,Negatif
15099,Pozitif
14273,Negatif
1624,Pozitif
5182,Negatif
866,Nötr
4577,Negatif
8743,Nötr
3196,Nötr
15016,Negatif
10877,Pozitif
13390,Negatif
15388,Negatif
3175,Pozitif
11960,Negatif
4189,Pozitif
2372,Pozitif
7095,Negatif
2029,Negatif
12588,Nötr
1637,Pozitif
12358,Pozitif
12573,Negatif
9838,Pozitif
667,Negatif
6159,Pozitif
7860,Pozitif
6105,Pozitif
13541,Pozitif
872,Negatif
8516,Pozitif
15932,Pozitif
4591,Negatif
10055,Nötr
5800,Negatif
5293,Nötr
6019,Negatif
9032,Pozitif
4955,Nötr
6942,Pozitif
3081,Pozitif
11762,Negatif
7973,Pozitif
16555,Negatif
80,Negatif
6565,Pozitif
13148,Nötr
15930,Pozitif
8458,Negatif
3334,Negatif
7818,Pozitif
1354,Negatif
2997,Pozitif
6043,Nötr
835,Negatif
9975,Negatif
2736,Pozitif
12731,Pozitif
4348,Nötr
5811,Negatif
9727,Negatif
3574,Negatif
14920,Negatif
8792,Nötr
247,Negatif
8241,Negatif
14394,Pozitif
3907,Pozitif
9981,Negatif
13967,Negatif
5411,Negatif
11254,Negatif
2529,Pozitif
5547,Negatif
14131,Pozitif
2273,Pozitif
1107,Negatif
15050,Pozitif
12094,Pozitif
8826,Pozitif
4023,Negatif
9700,Pozitif
14245,Negatif
5915,Negatif
7809,Pozitif
10560,Nötr
4512,Pozitif
2461,Pozitif
13273,Negatif
15327,Nötr
8267,Nötr
8735,Negatif
12512,Negatif
15899,Negatif
1279,Pozitif
14335,Pozitif
8604,Pozitif
16832,Negatif
12559,Nötr
14821,Pozitif
1189,Pozitif
8587,Negatif
6151,Nötr
9509,Nötr
5277,Negatif
573,Negatif
1717,Negatif
4065,Negatif
15532,Negatif
16586,Negatif
3632,Pozitif
16857,Negatif
6638,Negatif
8039,Negatif
5987,Negatif
11662,Nötr
9965,Negatif
16676,Pozitif
16258,Nötr
3964,Negatif
9007,Nötr
7452,Pozitif
183,Nötr
4031,Negatif
9733,Pozitif
1947,Negatif
4867,Pozitif
9330,Negatif
13619,Negatif
10957,Negatif
883,Pozitif
5256,Pozitif
16802,Negatif
4771,Negatif
15475,Pozitif
11905,Negatif
6342,Nötr
3407,Negatif
4479,Pozitif
2539,Pozitif
1414,Pozitif
12342,Pozitif
9992,Pozitif
15803,Pozitif
8793,Negatif
7604,Pozitif
15807,Pozitif
13252,Negatif
10683,Negatif
7610,Nötr
13593,Nötr
5141,Pozitif
14363,Pozitif
13606,Negatif
11080,Pozitif
16055,Pozitif
14100,Negatif
4694,Pozitif
7267,Negatif
339,Nötr
7766,Negatif
668,Pozitif
1897,Pozitif
14541,Negatif
14268,Pozitif
8543,Pozitif
9113,Pozitif
11125,Pozitif
13643,Negatif
2276,Pozitif
10137,Pozitif
13788,Pozitif
5751,Negatif
11945,Negatif
12816,Nötr
7385,Pozitif
14645,Pozitif
12225,Pozitif
1446,Negatif
13349,Negatif
476,Negatif
4996,Nötr
12926,Pozitif
16539,Nötr
13004,Nötr
14488,Pozitif
8976,Pozitif
15579,Nötr
14682,Pozitif
11067,Negatif
7224,Nötr
2543,Negatif
10410,Negatif
15466,Nötr
2908,Negatif
15907,Pozitif
389,Pozitif
15741,Negatif
12254,Pozitif
4060,Pozitif
9031,Nötr
1582,Pozitif
1105,Pozitif
7163,Negatif
13398,Nötr
7327,Negatif
3889,Nötr
10589,Negatif
4407,Negatif
15588,Pozitif
11076,Pozitif
7002,Nötr
5599,Negatif
2914,Negatif
15474,Pozitif
11194,Pozitif
12044,Pozitif
4961,Negatif
3480,Nötr
5829,Pozitif
13724,Pozitif
11463,Nötr
4024,Pozitif
11817,Pozitif
16538,Pozitif
1970,Negatif
14724,Negatif
14741,Negatif
6263,Nötr
12834,Nötr
11807,Nötr
10003,Nötr
11674,Pozitif
2788,Nötr
3792,Nötr
7883,Nötr
2593,Negatif
1155,Negatif
6241,Negatif
4222,Pozitif
8642,Pozitif
16199,Pozitif
2035,Pozitif
11261,Pozitif
2981,Pozitif
3347,Negatif
9577,Negatif
4702,Negatif
4532,Nötr
9392,Negatif
12308,Nötr
10231,Pozitif
3315,Negatif
3872,Pozitif
181,Negatif
6932,Pozitif
7479,Negatif
7711,Nötr
4990,Negatif
16451,Nötr
14443,Negatif
5290,Pozitif
5736,Negatif
14851,Nötr
7258,Negatif
12815,Nötr
1069,Nötr
2380,Nötr
12522,Negatif
2111,Pozitif
1831,Negatif
12478,Nötr
10796,Nötr
13388,Nötr
8288,Pozitif
5322,Nötr
11101,Pozitif
9343,Negatif
15137,Negatif
3376,Nötr
16790,Pozitif
13911,Pozitif
8311,Pozitif
10343,Negatif
13444,Pozitif
12404,Negatif
6792,Negatif
12096,Nötr
9962,Pozitif
6216,Pozitif
5991,Nötr
16700,Pozitif
7138,Negatif
797,Nötr
9896,Nötr
14482,Nötr
12825,Negatif
9395,Nötr
11681,Pozitif
14417,Pozitif
7749,Pozitif
10302,Pozitif
10105,Nötr
13048,Pozitif
8725,Negatif
3595,Pozitif
13125,Pozitif
1178,Negatif
556,Negatif
3136,Nötr
3342,Nötr
15304,Negatif
16112,Nötr
28,Pozitif
9657,Pozitif
9121,Negatif
11006,Negatif
13719,Negatif
7971,Pozitif
1050,Nötr
14565,Negatif
5658,Negatif
15336,Negatif
11498,Pozitif
1162,Pozitif
8059,Pozitif
15396,Nötr
8333,Negatif
10527,Negatif
11176,Pozitif
5202,Pozitif
4044,Negatif
10509,Negatif
12876,Negatif
1348,Pozitif
8057,Pozitif
8585,Nötr
5395,Pozitif
12755,Pozitif
6658,Pozitif
16591,Pozitif
9271,Negatif
10424,Pozitif
9119,Nötr
12155,Pozitif
1712,Pozitif
909,Pozitif
11615,Negatif
824,Negatif
16191,Nötr
6379,Negatif
4090,Nötr
9123,Negatif
15732,Negatif
1224,Nötr
2868,Nötr
7773,Negatif
248,Negatif
12279,Negatif
5227,Negatif
11371,Negatif
9887,Negatif
2541,Pozitif
12879,Pozitif
877,Nötr
7595,Pozitif
15528,Pozitif
452,Pozitif
13616,Pozitif
13047,Pozitif
3768,Negatif
3260,Negatif
9396,Negatif
4248,Nötr
9586,Pozitif
16130,Pozitif
3556,Nötr
12383,Nötr
2222,Negatif
1222,Pozitif
14796,Nötr
6854,Negatif
2002,Pozitif
3912,Negatif
16808,Nötr
13488,Pozitif
8052,Pozitif
8368,Pozitif
7279,Nötr
5837,Pozitif
14524,Negatif
8502,Pozitif
11982,Negatif
10665,Nötr
10716,Nötr
12070,Negatif
6804,Negatif
15709,Pozitif
12374,Pozitif
11008,Pozitif
15656,Nötr
16390,Pozitif
6252,Negatif
14011,Negatif
14267,Nötr
220,Negatif
13876,Pozitif
4662,Negatif
4133,Negatif
11789,Pozitif
5296,Pozitif
11466,Pozitif
4314,Nötr
15170,Negatif
9959,Pozitif
14376,Negatif
9646,Negatif
7884,Nötr
4917,Negatif
13752,Pozitif
15844,Nötr
2006,Nötr
6469,Pozitif
14752,Nötr
9767,Pozitif
10838,Pozitif
3159,Nötr
2209,Nötr
10344,Nötr
15650,Pozitif
935,Pozitif
14532,Negatif
10482,Pozitif
6967,Negatif
11875,Negatif
5068,Pozitif
2570,Pozitif
9723,Nötr
10220,Pozitif
5982,Negatif
1975,Nötr
7826,Pozitif
16571,Negatif
13186,Pozitif
13974,Nötr
3704,Pozitif
9824,Negatif
11107,Nötr
12476,Negatif
7888,Pozitif
10229,Nötr
11336,Pozitif
8655,Pozitif
3519,Pozitif
11769,Negatif
2950,Pozitif
9008,Nötr
4089,Nötr
8450,Pozitif
5961,Pozitif
1042,Nötr
4851,Negatif
13115,Pozitif
12135,Nötr
11658,Nötr
83,Nötr
15768,Pozitif
12757,Pozitif
8200,Nötr
8418,Nötr
2684,Negatif
7414,Negatif
6369,Pozitif
2375,Pozitif
1029,Negatif
9168,Negatif
10342,Negatif
9486,Nötr
14950,Pozitif
5715,Nötr
12535,Nötr
10175,Pozitif
16421,Negatif
1000,Negatif
12914,Negatif
4655,Nötr
3722,Pozitif
12150,Nötr
274,Pozitif
494,Pozitif
15249,Pozitif
2261,Negatif
11224,Pozitif
14870,Negatif
13784,Nötr
7376,Pozitif
7257,Negatif
12263,Pozitif
16474,Negatif
9552,Negatif
2342,Nötr
4387,Pozitif
5914,Negatif
4864,Negatif
7908,Pozitif
5442,Negatif
10057,Nötr
14880,Nötr
1566,Nötr
613,Pozitif
3521,Pozitif
750,Negatif
8563,Pozitif
9811,Negatif
362,Nötr
13778,Nötr
2344,Pozitif
8160,Negatif
7500,Negatif
4974,Pozitif
205,Negatif
963,Negatif
10634,Pozitif
2337,Pozitif
11301,Negatif
16339,Nötr
1606,Pozitif
13969,Nötr
14794,Nötr
6975,Pozitif
10200,Pozitif
12652,Negatif
6567,Nötr
9652,Pozitif
12011,Nötr
9519,Negatif
5615,Negatif
11239,Pozitif
14843,Negatif
2610,Negatif
6677,Pozitif
13235,Pozitif
6643,Nötr
1541,Nötr
7555,Pozitif
3021,Negatif
11135,Nötr
6304,Pozitif
5360,Pozitif
15694,Pozitif
9742,Pozitif
12952,Pozitif
8624,Pozitif
694,Negatif
4476,Negatif
8630,Nötr
11626,Nötr
5344,Nötr
11837,Pozitif
5241,Nötr
210,Negatif
6464,Nötr
5336,Negatif
10917,Pozitif
3814,Pozitif
10213,Negatif
9922,Pozitif
2394,Negatif
7057,Pozitif
11722,Pozitif
11066,Nötr
11214,Pozitif
236,Nötr
8103,Pozitif
6359,Negatif
10043,Negatif
1330,Negatif
3852,Pozitif
8608,Pozitif
8297,Pozitif
12496,Nötr
14606,Negatif
2304,Negatif
6407,Pozitif
9516,Pozitif
15955,Pozitif
6218,Pozitif
5867,Nötr
3582,Pozitif
7796,Negatif
3624,Negatif
15939,Nötr
13930,Pozitif
12454,Nötr
7213,Pozitif
3089,Negatif
10278,Negatif
5043,Nötr
14871,Nötr
15511,Negatif
16578,Pozitif
2844,Nötr
10333,Nötr
5313,Pozitif
8456,Pozitif
9845,Nötr
8857,Negatif
10136,Negatif
15892,Pozitif
15265,Negatif
7557,Nötr
9472,Pozitif
11741,Nötr
7270,Pozitif
7470,Pozitif
5861,Pozitif
5404,Pozitif
2446,Negatif
16660,Negatif
6639,Pozitif
15565,Negatif
11238,Negatif
11780,Negatif
11834,Negatif
12957,Nötr
15177,Nötr
10766,Pozitif
179,Pozitif
9175,Nötr
5420,Negatif
3885,Pozitif
14142,Pozitif
15542,Nötr
14988,Negatif
10154,Negatif
6713,Pozitif
10842,Pozitif
14809,Negatif
9802,Pozitif
5187,Nötr
7919,Pozitif
1193,Nötr
9808,Pozitif
9719,Negatif
3817,Pozitif
12041,Negatif
1635,Pozitif
9071,Pozitif
10034,Pozitif
8229,Pozitif
16486,Nötr
6466,Negatif
1437,Pozitif
6331,Pozitif
15726,Negatif
14612,Pozitif
8050,Nötr
5617,Negatif
8165,Pozitif
6626,Pozitif
6555,Nötr
4231,Negatif
13446,Negatif
308,Pozitif
15217,Nötr
5521,Nötr
4802,Pozitif
8029,Negatif
9793,Negatif
11245,Pozitif
4018,Negatif
15251,Nötr
6996,Pozitif
8096,Pozitif
12286,Pozitif
3074,Nötr
13379,Negatif
16316,Nötr
6024,Nötr
10956,Nötr
4533,Pozitif
3966,Nötr
3871,Negatif
10312,Pozitif
2964,Negatif
1126,Negatif
8274,Pozitif
1789,Negatif
11958,Pozitif
7272,Pozitif
1097,Negatif
13635,Nötr
2760,Negatif
7982,Negatif
10778,Negatif
16616,Negatif
422,Negatif
2881,Pozitif
8896,Negatif
3627,Pozitif
7112,Pozitif
13845,Pozitif
5697,Negatif
15987,Nötr
16635,Negatif
14447,Pozitif
10205,Pozitif
4983,Pozitif
3779,Negatif
968,Negatif
6460,Nötr
10121,Negatif
1745,Negatif
4385,Negatif
5502,Pozitif
14742,Pozitif
11427,Negatif
4211,Pozitif
11014,Pozitif
10860,Pozitif
16016,Nötr
7636,Negatif
6246,Negatif
11666,Pozitif
16261,Nötr
5042,Pozitif
11903,Negatif
5111,Nötr
8354,Negatif
14501,Nötr
15455,Pozitif
11860,Negatif
7316,Negatif
7607,Pozitif
11801,Pozitif
14334,Negatif
13629,Pozitif
14214,Nötr
13356,Pozitif
214,Pozitif
361,Pozitif
10646,Nötr
1732,Nötr
14910,Pozitif
1876,Negatif
6377,Negatif
11536,Negatif
7264,Pozitif
544,Pozitif
9619,Pozitif
2555,Pozitif
8335,Pozitif
15827,Nötr
6382,Nötr
9589,Negatif
4920,Negatif
11446,Negatif
14916,Pozitif
3641,Nötr
6103,Nötr
5978,Pozitif
974,Pozitif
7713,Negatif
6248,Pozitif
8147,Nötr
15775,Negatif
2752,Pozitif
11032,Pozitif
12699,Pozitif
11927,Nötr
16108,Negatif
2839,Pozitif
1779,Negatif
6862,Negatif
13964,Negatif
12327,Negatif
10151,Negatif
14021,Negatif
1806,Nötr
1718,Pozitif
16234,Negatif
2179,Pozitif
6937,Nötr
3976,Negatif
14349,Negatif
6253,Negatif
11469,Nötr
987,Negatif
13129,Nötr
5422,Pozitif
8433,Pozitif
2103,Negatif
3131,Pozitif
9226,Negatif
15922,Negatif
10160,Nötr
6036,Nötr
12431,Pozitif
9996,Negatif
5746,Negatif
14677,Negatif
5198,Pozitif
16775,Negatif
12343,Pozitif
11941,Pozitif
2415,Negatif
4378,Nötr
15296,Nötr
6362,Nötr
6672,Pozitif
7798,Negatif
1329,Negatif
233,Pozitif
6888,Negatif
14210,Pozitif
13628,Pozitif
4887,Nötr
8884,Negatif
10734,Nötr
2862,Negatif
2324,Pozitif
14668,Pozitif
7704,Nötr
262,Negatif
5102,Nötr
9822,Pozitif
14264,Nötr
11523,Pozitif
1291,Nötr
15802,Negatif
5090,Negatif
4142,Nötr
4353,Negatif
13465,Pozitif
16495,Pozitif
12380,Negatif
297,Nötr
6791,Negatif
290,Pozitif
707,Negatif
14945,Negatif
1369,Negatif
10038,Pozitif
11079,Pozitif
15643,Pozitif
15819,Pozitif
9601,Nötr
6303,Pozitif
12852,Pozitif
12406,Negatif
7753,Pozitif
7640,Negatif
911,Pozitif
15462,Negatif
12899,Pozitif
14640,Nötr
7764,Pozitif
2761,Pozitif
12378,Pozitif
7407,Pozitif
5907,Pozitif
15028,Negatif
16349,Pozitif
7697,Nötr
1500,Nötr
15782,Pozitif
11830,Pozitif
7947,Negatif
15739,Pozitif
15079,Negatif
96,Pozitif
67,Pozitif
2328,Pozitif
14,Pozitif
3138,Negatif
10978,Pozitif
10911,Pozitif
8238,Nötr
7914,Negatif
3558,Pozitif
8879,Nötr
9260,Pozitif
10961,Pozitif
809,Negatif
6113,Nötr
1419,Negatif
2489,Negatif
2424,Pozitif
7007,Negatif
3501,Pozitif
7342,Pozitif
5191,Nötr
16472,Pozitif
2952,Pozitif
627,Negatif
3148,Negatif
14799,Negatif
10622,Nötr
3740,Pozitif
1602,Pozitif
334,Negatif
5318,Nötr
14837,Pozitif
6717,Pozitif
9043,Negatif
9247,Pozitif
414,Negatif
8208,Negatif
1469,Pozitif
10886,Pozitif
14642,Nötr
965,Pozitif
10315,Negatif
8395,Negatif
9900,Negatif
8240,Pozitif
15084,Nötr
13098,Negatif
5134,Pozitif
3957,Pozitif
8187,Negatif
2877,Nötr
1499,Pozitif
9835,Pozitif
16163,Pozitif
13602,Negatif
13892,Negatif
2743,Pozitif
1544,Nötr
8821,Pozitif
11937,Pozitif
13637,Pozitif
766,Negatif
1456,Pozitif
10571,Pozitif
12068,Pozitif
4914,Nötr
14348,Nötr
12823,Nötr
15852,Pozitif
4986,Pozitif
4627,Nötr
9600,Pozitif
1755,Pozitif
5413,Negatif
2500,Negatif
381,Nötr
3135,Nötr
458,Negatif
7288,Negatif
6726,Negatif
1633,Negatif
14556,Negatif
3269,Nötr
4193,Pozitif
14970,Nötr
1064,Pozitif
4318,Negatif
12421,Negatif
5951,Pozitif
5765,Nötr
3813,Pozitif
9704,Nötr
2102,Pozitif
15736,Pozitif
13055,Nötr
11865,Nötr
8744,Nötr
9718,Nötr
2741,Negatif
149,Negatif
6122,Pozitif
13036,Negatif
12004,Pozitif
3970,Negatif
11990,Negatif
8795,Negatif
11472,Negatif
8488,Pozitif
5260,Pozitif
7910,Negatif
10599,Pozitif
7996,Pozitif
359,Negatif
875,Nötr
9203,Pozitif
2227,Nötr
7116,Negatif
9299,Negatif
567,Negatif
12659,Pozitif
4822,Pozitif
5795,Negatif
9286,Pozitif
158,Pozitif
10549,Negatif
10584,Negatif
13051,Negatif
10628,Negatif
9038,Nötr
12157,Pozitif
5069,Pozitif
16325,Pozitif
7023,Nötr
10031,Pozitif
4868,Pozitif
681,Negatif
460,Negatif
14895,Negatif
1776,Negatif
11481,Negatif
15996,Pozitif
3003,Pozitif
3933,Negatif
12209,Negatif
5302,Negatif
3515,Negatif
845,Pozitif
12975,Nötr
8979,Nötr
9580,Negatif
7894,Pozitif
642,Negatif
7700,Nötr
8531,Nötr
2485,Pozitif
10955,Nötr
9135,Negatif
3325,Nötr
16678,Pozitif
4753,Negatif
5804,Nötr
12083,Pozitif
6737,Pozitif
15506,Nötr
11794,Negatif
9790,Negatif
3959,Nötr
13393,Negatif
14469,Nötr
16760,Pozitif
1659,Negatif
3479,Negatif
8271,Nötr
1377,Negatif
4117,Pozitif
11798,Nötr
7008,Pozitif
9807,Nötr
13205,Nötr
10687,Negatif
16440,Nötr
16381,Pozitif
13193,Pozitif
7373,Nötr
7396,Nötr
2495,Pozitif
5816,Negatif
9828,Pozitif
14793,Negatif
11517,Pozitif
9012,Negatif
2637,Nötr
9351,Nötr
14639,Pozitif
12821,Nötr
14946,Negatif
13180,Pozitif
12835,Nötr
10747,Nötr
8570,Nötr
596,Pozitif
717,Negatif
13394,Pozitif
11608,Nötr
12104,Pozitif
16310,Negatif
4483,Negatif
8753,Pozitif
9373,Negatif
16809,Negatif
679,Nötr
14911,Negatif
7674,Pozitif
8855,Negatif
1242,Pozitif
931,Negatif
3464,Pozitif
14516,Negatif
13886,Pozitif
12830,Pozitif
693,Nötr
6106,Pozitif
10659,Negatif
9557,Negatif
8965,Nötr
8344,Negatif
5570,Pozitif
5044,Negatif
10124,Pozitif
8282,Nötr
990,Pozitif
6001,Nötr
14535,Pozitif
16706,Pozitif
12589,Nötr
4002,Nötr
10364,Nötr
1459,Negatif
1,Nötr
11549,Nötr
6544,Pozitif
7728,Pozitif
13367,Negatif
9009,Nötr
15056,Negatif
10017,Negatif
14610,Pozitif
1807,Negatif
3127,Nötr
7068,Negatif
5536,Pozitif
1481,Pozitif
13462,Pozitif
15315,Pozitif
14576,Pozitif
10455,Nötr
6699,Negatif
16180,Nötr
12562,Pozitif
1359,Negatif
8830,Pozitif
13617,Nötr
2061,Negatif
7489,Pozitif
1104,Negatif
10330,Nötr
3102,Nötr
13827,Negatif
9799,Nötr
9538,Pozitif
6091,Pozitif
16317,Negatif
6505,Negatif
14701,Nötr
4085,Nötr
6371,Negatif
10824,Pozitif
1095,Negatif
5702,Negatif
5799,Negatif
6995,Negatif
2864,Negatif
15266,Pozitif
16762,Pozitif
7123,Negatif
704,Pozitif
1094,Pozitif
13209,Pozitif
16100,Negatif
8902,Pozitif
13255,Pozitif
6612,Nötr
3865,Negatif
8842,Negatif
15074,Nötr
11205,Pozitif
5689,Nötr
4909,Nötr
12261,Negatif
1092,Nötr
8790,Nötr
16098,Nötr
3733,Nötr
2091,Negatif
12388,Pozitif
624,Negatif
14926,Negatif
9095,Nötr
4877,Negatif
16629,Pozitif
2283,Pozitif
14309,Pozitif
11339,Nötr
3887,Nötr
8732,Negatif
713,Nötr
6381,Pozitif
8891,Negatif
8077,Pozitif
4096,Nötr
925,Negatif
13243,Pozitif
15874,Pozitif
11053,Nötr
2998,Pozitif
6674,Pozitif
10157,Negatif
7408,Negatif
8138,Negatif
2708,Pozitif
13703,Nötr
7137,Negatif
14172,Pozitif
13009,Negatif
7498,Nötr
3543,Negatif
14408,Nötr
3106,Nötr
7412,Negatif
7691,Pozitif
2833,Negatif
3093,Pozitif
15142,Negatif
14782,Pozitif
4157,Pozitif
13507,Pozitif
2133,Negatif
16734,Pozitif
7726,Nötr
3757,Negatif
9969,Nötr
4254,Pozitif
8724,Negatif
7554,Pozitif
9206,Nötr
3930,Negatif
12930,Negatif
15066,Negatif
7406,Pozitif
9061,Nötr
6237,Nötr
9920,Negatif
14549,Negatif
6884,Nötr
1603,Pozitif
12966,Negatif
8663,Negatif
16518,Pozitif
500,Negatif
10715,Negatif
6284,Negatif
15046,Nötr
6435,Pozitif
16300,Negatif
6314,Pozitif
8252,Negatif
8875,Nötr
7756,Negatif
4618,Pozitif
13793,Nötr
2166,Negatif
15504,Pozitif
16866,Nötr
2053,Negatif
9464,Negatif
5101,Negatif
14512,Negatif
6440,Pozitif
16251,Pozitif
2043,Pozitif
9977,Nötr
15401,Pozitif
818,Pozitif
12506,Pozitif
11158,Nötr
8805,Nötr
7304,Negatif
2112,Negatif
2779,Pozitif
14882,Negatif
14692,Negatif
14085,Pozitif
5532,Pozitif
11025,Pozitif
13544,Negatif
12564,Nötr
2431,Pozitif
7038,Pozitif
2257,Nötr
7885,Negatif
10578,Pozitif
5523,Nötr
12955,Pozitif
3327,Pozitif
4218,Pozitif
7104,Pozitif
2278,Nötr
7992,Nötr
8115,Negatif
7795,Pozitif
13758,Pozitif
5589,Negatif
6586,Nötr
4103,Negatif
8439,Negatif
4898,Pozitif
11417,Negatif
2934,Pozitif
14943,Nötr
5931,Nötr
10846,Negatif
10481,Nötr
7491,Pozitif
16043,Negatif
7984,Negatif
734,Negatif
4664,Negatif
15309,Pozitif
1028,Pozitif
354,Nötr
2874,Negatif
6588,Negatif
12807,Nötr
10126,Pozitif
9293,Negatif
2714,Negatif
2764,Negatif
3007,Nötr
1089,Negatif
87,Nötr
13189,Pozitif
16002,Negatif
8932,Nötr
10690,Pozitif
8260,Nötr
4324,Negatif
5497,Nötr
2288,Negatif
15310,Negatif
13588,Nötr
13925,Nötr
11084,Negatif
11142,Negatif
1759,Negatif
8061,Pozitif
1381,Negatif
5701,Nötr
3606,Negatif
7010,Nötr
9980,Nötr
11827,Negatif
8,Negatif
5582,Nötr
14608,Negatif
13410,Nötr
14732,Nötr
6532,Negatif
10898,Nötr
4825,Pozitif
20,Nötr
3870,Negatif
6849,Nötr
9919,Pozitif
5254,Nötr
14553,Pozitif
2789,Negatif
3152,Negatif
12258,Pozitif
1176,Pozitif
9294,Negatif
2845,Negatif
5707,Negatif
16214,Nötr
2772,Nötr
6390,Pozitif
10610,Pozitif
3761,Negatif
15469,Negatif
13361,Negatif
8518,Nötr
2537,Nötr
13800,Negatif
2722,Nötr
16598,Pozitif
11719,Pozitif
1774,Pozitif
5204,Negatif
8074,Negatif
14069,Pozitif
15255,Negatif
7988,Negatif
9425,Negatif
13215,Negatif
13105,Pozitif
15581,Negatif
13019,Pozitif
6814,Negatif
12761,Negatif
10358,Nötr
11853,Pozitif
10163,Negatif
3378,Negatif
8247,Negatif
11963,Pozitif
3952,Pozitif
543,Negatif
15859,Nötr
2902,Nötr
4435,Pozitif
12437,Negatif
11961,Negatif
7079,Negatif
14886,Pozitif
13590,Pozitif
15087,Pozitif
5082,Negatif
14405,Pozitif
5136,Pozitif
14496,Nötr
6378,Negatif
2036,Nötr
16624,Nötr
8528,Pozitif
7237,Nötr
4363,Pozitif
12105,Pozitif
8767,Negatif
3570,Pozitif
15100,Pozitif
14783,Pozitif
16611,Pozitif
8740,Negatif
9797,Negatif
444,Nötr
3377,Negatif
7214,Pozitif
7519,Negatif
11374,Pozitif
4106,Nötr
10873,Nötr
243,Nötr
2589,Nötr
11653,Pozitif
9744,Pozitif
1056,Pozitif
3498,Nötr
7477,Nötr
11381,Nötr
13771,Negatif
9766,Negatif
3951,Pozitif
9683,Nötr
9892,Nötr
8132,Nötr
8705,Negatif
9870,Pozitif
4612,Nötr
7670,Pozitif
7133,Nötr
1946,Negatif
5611,Pozitif
142,Pozitif
2265,Pozitif
12827,Nötr
5180,Pozitif
5583,Pozitif
16479,Negatif
15286,Pozitif
1067,Negatif
1239,Negatif
14505,Nötr
14111,Negatif
13695,Pozitif
3590,Pozitif
2664,Nötr
5022,Pozitif
11198,Pozitif
5723,Pozitif
6959,Nötr
15571,Negatif
6679,Pozitif
3048,Nötr
15683,Negatif
11071,Nötr
14589,Nötr
10585,Negatif
5555,Negatif
12913,Pozitif
7444,Negatif
13408,Nötr
15943,Pozitif
10906,Pozitif
9470,Negatif
6383,Negatif
3838,Negatif
5916,Negatif
8980,Pozitif
16054,Nötr
1994,Pozitif
14545,Pozitif
3075,Pozitif
2327,Pozitif
13360,Negatif
11268,Nötr
486,Pozitif
1316,Pozitif
8224,Nötr
14912,Nötr
15399,Negatif
2723,Negatif
1818,Pozitif
7122,Pozitif
6999,Nötr
13467,Negatif
3520,Nötr
7778,Negatif
8411,Negatif
1575,Nötr
10672,Pozitif
10597,Pozitif
5541,Negatif
13336,Negatif
6217,Pozitif
10800,Pozitif
1234,Pozitif
16362,Pozitif
882,Pozitif
15416,Nötr
13609,Pozitif
7403,Negatif
4195,Pozitif
13116,Pozitif
9533,Pozitif
14595,Negatif
8993,Negatif
5887,Nötr
9156,Pozitif
15718,Nötr
7183,Negatif
7710,Pozitif
2985,Pozitif
5801,Negatif
1467,Pozitif
16774,Negatif
12316,Pozitif
2727,Negatif
449,Negatif
2395,Nötr
502,Nötr
3300,Nötr
15798,Negatif
5921,Pozitif
8894,Nötr
8134,Negatif
11823,Negatif
16030,Nötr
3898,Pozitif
14828,Nötr
9614,Negatif
13011,Nötr
9253,Pozitif
3095,Pozitif
14243,Pozitif
12721,Negatif
7471,Negatif
6017,Nötr
2104,Negatif
5732,Nötr
3134,Pozitif
8715,Negatif
13665,Negatif
3425,Negatif
11441,Negatif
6065,Pozitif
15936,Nötr
9961,Pozitif
7321,Negatif
15407,Pozitif
8717,Negatif
12973,Pozitif
10411,Pozitif
13303,Nötr
7934,Nötr
319,Pozitif
10393,Negatif
1513,Pozitif
12262,Negatif
6820,Negatif
11918,Negatif
9188,Negatif
15417,Nötr
12854,Pozitif
10678,Negatif
13277,Pozitif
15876,Pozitif
3331,Negatif
16450,Negatif
8899,Pozitif
4795,Pozitif
6852,Negatif
7898,Nötr
14515,Negatif
13108,Negatif
16018,Pozitif
9414,Negatif
16364,Nötr
8002,Negatif
9546,Pozitif
15147,Negatif
11771,Pozitif
12031,Negatif
13558,Negatif
14888,Pozitif
4897,Negatif
11850,Pozitif
2235,Negatif
461,Nötr
701,Pozitif
16138,Nötr
1879,Nötr
11467,Negatif
10797,Nötr
3895,Pozitif
786,Nötr
10660,Negatif
9122,Negatif
12061,Pozitif
14968,Negatif
8966,Negatif
2915,Negatif
16577,Pozitif
279,Negatif
505,Nötr
5327,Nötr
5092,Negatif
11883,Negatif
7357,Pozitif
10384,Pozitif
16271,Pozitif
15485,Pozitif
12332,Negatif
9778,Negatif
10900,Negatif
15052,Nötr
16768,Pozitif
4170,Nötr
15186,Negatif
13938,Negatif
12666,Pozitif
9952,Negatif
1941,Nötr
4971,Nötr
12229,Negatif
3843,Pozitif
12249,Pozitif
8964,Negatif
10449,Negatif
4233,Pozitif
2962,Negatif
3255,Nötr
8172,Negatif
8270,Negatif
8340,Pozitif
7323,Pozitif
7763,Nötr
3864,Pozitif
340,Nötr
537,Nötr
553,Negatif
3798,Nötr
5304,Negatif
8823,Nötr
16263,Pozitif
11034,Pozitif
7280,Negatif
3092,Pozitif
5263,Nötr
12138,Pozitif
11508,Negatif
6723,Negatif
1554,Negatif
16047,Negatif
9074,Nötr
7496,Pozitif
9627,Pozitif
5768,Negatif
13185,Pozitif
5620,Pozitif
16843,Negatif
13685,Pozitif
2911,Pozitif
2863,Nötr
15721,Negatif
9089,Pozitif
4941,Pozitif
14703,Pozitif
9173,Pozitif
2515,Negatif
13240,Negatif
472,Nötr
14171,Pozitif
10287,Nötr
1229,Nötr
8164,Negatif
5942,Negatif
13451,Pozitif
8542,Nötr
4037,Nötr
12195,Nötr
12187,Pozitif
1453,Pozitif
4783,Nötr
126,Nötr
4726,Negatif
12055,Negatif
6715,Negatif
2122,Pozitif
8610,Pozitif
9082,Negatif
8095,Negatif
6456,Pozitif
15792,Negatif
13400,Pozitif
13174,Nötr
2218,Pozitif
272,Pozitif
6270,Nötr
9231,Nötr
5412,Pozitif
3309,Negatif
2560,Pozitif
9080,Nötr
8882,Pozitif
11320,Pozitif
14225,Pozitif
4632,Pozitif
6513,Negatif
2144,Nötr
16850,Negatif
14289,Nötr
8416,Negatif
5200,Negatif
7238,Negatif
8803,Pozitif
7450,Negatif
7871,Pozitif
11207,Nötr
13677,Nötr
5983,Nötr
1916,Nötr
16031,Nötr
10046,Negatif
11633,Pozitif
176,Pozitif
4842,Negatif
13534,Nötr
14494,Negatif
15313,Nötr
12920,Negatif
15103,Negatif
1200,Nötr
4679,Negatif
7135,Nötr
12099,Nötr
7967,Nötr
5508,Pozitif
14106,Nötr
14148,Negatif
14450,Nötr
8967,Negatif
15509,Pozitif
1254,Nötr
16308,Pozitif
3822,Pozitif
12048,Negatif
14341,Pozitif
12463,Nötr
7024,Pozitif
2922,Pozitif
12604,Pozitif
7087,Nötr
2286,Negatif
12649,Negatif
1720,Nötr
8376,Negatif
7328,Pozitif
6245,Pozitif
742,Negatif
665,Negatif
788,Pozitif
10053,Negatif
8706,Negatif
1570,Negatif
4516,Nötr
12715,Pozitif
1387,Pozitif
6731,Negatif
4733,Nötr
12990,Pozitif
3965,Nötr
15678,Pozitif
9372,Nötr
12563,Negatif
1969,Pozitif
15988,Nötr
6424,Pozitif
4875,Nötr
10947,Nötr
2117,Pozitif
2647,Negatif
3924,Pozitif
6002,Nötr
8495,Pozitif
9255,Negatif
7838,Nötr
14074,Pozitif
12248,Nötr
1791,Negatif
9064,Pozitif
2182,Pozitif
7334,Negatif
776,Pozitif
10467,Pozitif
11483,Negatif
2482,Negatif
7758,Negatif
16817,Negatif
471,Pozitif
10551,Pozitif
4330,Negatif
15381,Negatif
3432,Pozitif
3086,Pozitif
11130,Nötr
1880,Nötr
9940,Pozitif
11340,Negatif
7794,Negatif
15769,Pozitif
1653,Negatif
12079,Negatif
6974,Negatif
3506,Negatif
7694,Pozitif
12226,Pozitif
14526,Pozitif
12479,Pozitif
5010,Negatif
571,Nötr
12839,Negatif
6872,Negatif
363,Nötr
13146,Nötr
14597,Pozitif
4736,Nötr
12462,Pozitif
13757,Negatif
9830,Negatif
8848,Negatif
1024,Pozitif
14234,Pozitif
16066,Negatif
4997,Pozitif
15071,Negatif
4814,Pozitif
14986,Negatif
11361,Negatif
863,Negatif
6186,Nötr
813,Nötr
9617,Negatif
7445,Pozitif
1186,Nötr
85,Pozitif
8674,Negatif
14548,Pozitif
4257,Pozitif
1872,Negatif
5438,Pozitif
3901,Nötr
13210,Pozitif
7905,Pozitif
11397,Nötr
604,Pozitif
15114,Negatif
15005,Negatif
16751,Pozitif
10726,Pozitif
5698,Nötr
14249,Nötr
2682,Negatif
16383,Nötr
11550,Nötr
15929,Nötr
1809,Nötr
1440,Negatif
13192,Nötr
5868,Nötr
15203,Pozitif
10882,Negatif
4472,Pozitif
11430,Nötr
9058,Nötr
4605,Pozitif
15682,Pozitif
16161,Negatif
13899,Negatif
14801,Nötr
3470,Pozitif
4471,Nötr
11442,Pozitif
5897,Negatif
3251,Nötr
14217,Negatif
12584,Nötr
2392,Negatif
805,Pozitif
18,Negatif
16353,Pozitif
16331,Negatif
2358,Negatif
2094,Pozitif
1312,Pozitif
5726,Pozitif
16061,Pozitif
16617,Pozitif
15457,Pozitif
11078,Negatif
9352,Pozitif
3453,Pozitif
9274,Nötr
1344,Negatif
1536,Nötr
14739,Negatif
10875,Negatif
6826,Nötr
8056,Nötr
10230,Negatif
7192,Nötr
4674,Pozitif
4683,Negatif
5357,Negatif
5661,Pozitif
4289,Pozitif
11162,Pozitif
6595,Negatif
16821,Pozitif
16306,Negatif
14875,Nötr
4607,Pozitif
15377,Pozitif
2267,Nötr
1798,Negatif
6796,Nötr
664,Negatif
9151,Pozitif
5482,Nötr
12608,Pozitif
7863,Negatif
13330,Nötr
4464,Nötr
15749,Nötr
5725,Pozitif
10744,Nötr
783,Pozitif
6695,Pozitif
1183,Nötr
6396,Nötr
12822,Pozitif
10788,Pozitif
185,Negatif
15429,Nötr
2521,Negatif
2282,Pozitif
9625,Pozitif
3958,Negatif
15659,Pozitif
5789,Negatif
7393,Negatif
2890,Pozitif
16211,Negatif
3990,Pozitif
3818,Negatif
8481,Negatif
401,Negatif
1482,Nötr
7197,Nötr
8296,Pozitif
11485,Pozitif
11116,Pozitif
5135,Pozitif
6472,Pozitif
4643,Pozitif
5614,Nötr
15765,Nötr
16696,Pozitif
8762,Nötr
8320,Nötr
7698,Negatif
10497,Pozitif
15436,Pozitif
3386,Pozitif
13090,Pozitif
4078,Pozitif
9842,Negatif
12791,Nötr
5869,Negatif
15098,Pozitif
12813,Nötr
2026,Negatif
687,Pozitif
7066,Pozitif
3507,Pozitif
914,Negatif
8285,Nötr
12213,Pozitif
384,Negatif
12723,Nötr
12779,Nötr
6773,Pozitif
14711,Pozitif
9211,Negatif
5286,Pozitif
4886,Nötr
8752,Negatif
3917,Negatif
6855,Negatif
822,Negatif
10303,Nötr
1854,Nötr
14187,Nötr
2076,Negatif
11819,Negatif
14189,Negatif
14658,Pozitif
8786,Nötr
9788,Negatif
1111,Negatif
7330,Negatif
11632,Negatif
11721,Negatif
10789,Pozitif
12702,Pozitif
4000,Nötr
13832,Negatif
2467,Negatif
4046,Negatif
13280,Nötr
3668,Pozitif
7370,Pozitif
6195,Negatif
2326,Negatif
8820,Pozitif
5116,Pozitif
7578,Nötr
9419,Nötr
3811,Negatif
2383,Negatif
13537,Negatif
9964,Negatif
9898,Negatif
1851,Pozitif
15339,Pozitif
13445,Pozitif
10399,Nötr
6812,Pozitif
11412,Nötr
14866,Pozitif
3875,Pozitif
13948,Nötr
9159,Pozitif
3187,Negatif
3368,Negatif
16169,Pozitif
5099,Nötr
5524,Pozitif
12783,Nötr
1674,Negatif
13696,Pozitif
12339,Nötr
5325,Pozitif
2676,Nötr
16265,Nötr
72,Pozitif
15864,Nötr
16125,Pozitif
5291,Nötr
5717,Nötr
14844,Pozitif
12021,Negatif
7402,Pozitif
650,Pozitif
9246,Negatif
2236,Negatif
9597,Pozitif
9448,Pozitif
16828,Negatif
4191,Nötr
4474,Negatif
12148,Negatif
14868,Pozitif
2620,Nötr
2959,Pozitif
16799,Pozitif
11411,Pozitif
3881,Nötr
9186,Nötr
5274,Nötr
11440,Pozitif
10982,Nötr
9471,Negatif
11779,Negatif
16200,Nötr
16827,Nötr
13406,Pozitif
4680,Negatif
12428,Nötr
4453,Pozitif
16463,Nötr
8699,Negatif
3485,Negatif
16477,Negatif
3318,Pozitif
8004,Nötr
12236,Nötr
1931,Negatif
12922,Nötr
5770,Negatif
13762,Nötr
10418,Negatif
2663,Negatif
1999,Pozitif
1981,Pozitif
2190,Negatif
15092,Nötr
16583,Negatif
13538,Negatif
16076,Pozitif
10299,Pozitif
9041,Negatif
13867,Negatif
253,Pozitif
13358,Negatif
9348,Negatif
12566,Pozitif
1663,Pozitif
7793,Negatif
11786,Pozitif
10332,Pozitif
11701,Negatif
8734,Negatif
2720,Nötr
647,Pozitif
9850,Nötr
194,Pozitif
7657,Negatif
14144,Pozitif
10853,Nötr
8173,Nötr
8289,Negatif
13548,Pozitif
10763,Pozitif
8889,Pozitif
9556,Pozitif
10097,Negatif
13389,Pozitif
16080,Pozitif
16698,Negatif
9495,Negatif
9476,Pozitif
3784,Nötr
3455,Nötr
5767,Pozitif
11711,Pozitif
3103,Negatif
8589,Pozitif
3395,Pozitif
6490,Pozitif
8995,Negatif
14651,Negatif
6004,Pozitif
1817,Nötr
13915,Nötr
16873,Nötr
5195,Pozitif
7026,Negatif
1834,Pozitif
12571,Pozitif
4596,Negatif
15691,Negatif
8429,Negatif
8947,Pozitif
7515,Nötr
11188,Negatif
16778,Nötr
14091,Nötr
8867,Nötr
14242,Nötr
16041,Nötr
7212,Pozitif
12181,Nötr
8643,Negatif
1236,Pozitif
16069,Pozitif
12050,Negatif
3220,Pozitif
9046,Negatif
16883,Pozitif
9866,Pozitif
267,Pozitif
4763,Negatif
5955,Pozitif
3385,Pozitif
8721,Pozitif
6757,Negatif
2000,Nötr
12500,Pozitif
5333,Negatif
15461,Negatif
841,Pozitif
12613,Nötr
13923,Nötr
16178,Nötr
14456,Nötr
10158,Nötr
6348,Negatif
13765,Negatif
3809,Nötr
9972,Pozitif
12466,Pozitif
4132,Nötr
1265,Pozitif
9875,Pozitif
16544,Pozitif
880,Pozitif
7994,Pozitif
10540,Pozitif
9594,Pozitif
3337,Pozitif
16232,Pozitif
11593,Pozitif
11604,Nötr
5437,Negatif
14352,Pozitif
3978,Negatif
14534,Pozitif
4281,Negatif
15850,Nötr
4343,Pozitif
10987,Pozitif
4509,Negatif
10819,Nötr
4589,Negatif
10861,Pozitif
16738,Nötr
9181,Nötr
4588,Pozitif
10809,Nötr
14791,Pozitif
15917,Negatif
9789,Negatif
14302,Nötr
14307,Nötr
4619,Nötr
3690,Nötr
6057,Pozitif
3008,Nötr
11422,Nötr
8323,Pozitif
11348,Negatif
16087,Pozitif
5335,Pozitif
3771,Pozitif
13523,Pozitif
5232,Pozitif
3471,Negatif
14617,Negatif
11725,Pozitif
7363,Negatif
3883,Pozitif
10063,Negatif
14722,Nötr
14179,Nötr
15229,Negatif
7855,Negatif
4737,Nötr
10787,Nötr
10282,Pozitif
1642,Negatif
10647,Nötr
15623,Nötr
6514,Negatif
10422,Nötr
5392,Pozitif
1509,Nötr
15664,Negatif
4312,Negatif
14342,Negatif
1816,Pozitif
15693,Negatif
10871,Nötr
6333,Pozitif
3014,Nötr
14574,Nötr
8883,Pozitif
10795,Pozitif
5376,Negatif
16776,Pozitif
16004,Pozitif
4994,Negatif
7252,Pozitif
10161,Nötr
998,Nötr
1052,Pozitif
5513,Pozitif
4514,Negatif
8945,Nötr
10836,Nötr
13084,Negatif
12638,Negatif
14332,Pozitif
815,Pozitif
7317,Nötr
16285,Pozitif
8272,Negatif
7173,Nötr
1673,Negatif
570,Negatif
10215,Pozitif
9397,Negatif
8377,Pozitif
15751,Pozitif
13124,Negatif
13704,Pozitif
7667,Nötr
7644,Negatif
10965,Pozitif
9086,Negatif
12692,Pozitif
15602,Pozitif
13532,Negatif
6344,Negatif
15293,Negatif
16358,Negatif
4058,Pozitif
9638,Negatif
3305,Nötr
10559,Negatif
14233,Nötr
2704,Pozitif
11911,Pozitif
7362,Nötr
10196,Negatif
1201,Pozitif
12445,Negatif
15817,Pozitif
1303,Nötr
8308,Pozitif
4806,Nötr
10442,Pozitif
9694,Negatif
2042,Nötr
7848,Negatif
4861,Nötr
6645,Pozitif
4136,Nötr
7599,Negatif
5822,Negatif
15833,Negatif
1757,Nötr
2812,Negatif
5889,Pozitif
10821,Nötr
3495,Negatif
16429,Negatif
856,Nötr
16219,Negatif
554,Negatif
6228,Nötr
13987,Negatif
12013,Nötr
12661,Nötr
4937,Pozitif
16134,Pozitif
1040,Nötr
5744,Pozitif
4693,Nötr
2693,Pozitif
13217,Pozitif
6518,Negatif
3017,Pozitif
9223,Negatif
9361,Pozitif
10081,Pozitif
4104,Pozitif
7061,Pozitif
15411,Negatif
15496,Pozitif
6374,Negatif
7263,Nötr
8953,Nötr
15440,Negatif
16184,Negatif
16690,Pozitif
14336,Negatif
10570,Negatif
7542,Pozitif
3698,Negatif
8800,Pozitif
12829,Nötr
3634,Negatif
9308,Nötr
15690,Pozitif
16356,Pozitif
3782,Negatif
14572,Nötr
8718,Negatif
16403,Negatif
13874,Negatif
8169,Pozitif
12774,Nötr
15162,Nötr
8939,Pozitif
16841,Pozitif
15305,Pozitif
14876,Pozitif
3296,Pozitif
2134,Nötr
12100,Pozitif
1692,Nötr
6104,Negatif
11256,Negatif
6485,Pozitif
16148,Pozitif
160,Pozitif
4005,Nötr
6678,Pozitif
15767,Negatif
7040,Nötr
11745,Negatif
14727,Negatif
14618,Pozitif
2225,Negatif
2608,Negatif
13173,Negatif
5975,Negatif
11133,Pozitif
9407,Nötr
5169,Pozitif
15935,Pozitif
10472,Negatif
11592,Negatif
16665,Negatif
11655,Negatif
6300,Pozitif
8281,Negatif
4050,Pozitif
10181,Negatif
1915,Nötr
12769,Nötr
5394,Negatif
1455,Negatif
3041,Pozitif
10534,Negatif
16680,Negatif
12180,Pozitif
2189,Negatif
13391,Nötr
1490,Pozitif
12471,Pozitif
2668,Nötr
10279,Negatif
6686,Negatif
16391,Pozitif
4551,Nötr
14624,Pozitif
15166,Pozitif
15158,Pozitif
7924,Nötr
14962,Pozitif
6259,Nötr
14738,Pozitif
15076,Nötr
12716,Pozitif
2558,Pozitif
3124,Pozitif
1464,Nötr
2519,Nötr
10939,Nötr
5220,Nötr
13955,Negatif
6433,Nötr
3808,Negatif
16823,Pozitif
10967,Pozitif
4770,Pozitif
709,Negatif
6420,Negatif
8738,Nötr
10561,Nötr
3361,Negatif
8460,Negatif
2405,Nötr
